{
  "block.carving_crafting_table": {
    "subtitle": "subtitles.block.carving_crafting_table",
    "sounds": [
      {
        "name": "survival_reborn:wood_carve",
        "stream": false
      }
    ]
  },
  "block.carve_progress": {
    "subtitle": "subtitles.block.carve_progress",
    "sounds": [
      {
        "name": "survival_reborn:carve3",
        "stream": false
      },
      {
        "name": "survival_reborn:carve2",
        "stream": false
      },
      {
        "name": "survival_reborn:carve1",
        "stream": false
      }
    ]
  }
}