{
  "display": {
    "icon": {
      "id": "survival_reborn:copper_nugget"
    },
    "title": {
      "translate": "advancements.copper_age.title"
    },
    "description": {
      "translate": "advancements.copper_age.descr"
    },
    "frame": "task",
    "show_toast": false,
    "announce_to_chat": false,
    "hidden": false
  },
  "criteria": {
    "copper_age_0": {
      "trigger": "minecraft:inventory_changed",
      "conditions": {
        "items": [
          {
            "items": [
              "survival_reborn:copper_nugget"
            ],
            "count": {
              "min": 1,
              "max": 64
            }
          }
        ]
      }
    }
  },
  "rewards": {
    "experience": 0,
    "recipes": [
      "survival_reborn:copper_chisel_recipe"
    ]
  },
  "parent": "survival_reborn:primitive_tools"
}