{
  "display": {
    "icon": {
      "id": "survival_reborn:plant_fiber"
    },
    "title": {
      "translate": "advancements.primitive_tools.title"
    },
    "description": {
      "translate": "advancements.primitive_tools.descr"
    },
    "frame": "task",
    "show_toast": false,
    "announce_to_chat": false,
    "hidden": false
  },
  "criteria": {
    "primitive_tools_0": {
      "trigger": "minecraft:inventory_changed",
      "conditions": {
        "items": [
          {
            "items": [
              "survival_reborn:plant_fiber"
            ],
            "count": {
              "min": 1,
              "max": 64
            }
          }
        ]
      }
    },
    "primitive_tools_1": {
      "trigger": "minecraft:inventory_changed",
      "conditions": {
        "items": [
          {
            "items": [
              "survival_reborn:stone_rock"
            ],
            "count": {
              "min": 1,
              "max": 64
            }
          }
        ]
      }
    },
    "primitive_tools_2": {
      "trigger": "minecraft:inventory_changed",
      "conditions": {
        "items": [
          {
            "items": [
              "minecraft:stick"
            ],
            "count": {
              "min": 1,
              "max": 64
            }
          }
        ]
      }
    }
  },
  "rewards": {
    "experience": 0,
    "recipes": [
      "minecraft:stone_pickaxe",
      "minecraft:stone_axe",
      "minecraft:stone_sword",
      "minecraft:stone_shovel",
      "minecraft:stone_hoe",
      "minecraft:furnace"
    ]
  },
  "parent": "survival_reborn:sharper_flint"
}