{
  "display": {
    "icon": {
      "id": "survival_reborn:flint_tool"
    },
    "title": {
      "translate": "advancements.sharper_flint.title"
    },
    "description": {
      "translate": "advancements.sharper_flint.descr"
    },
    "frame": "task",
    "show_toast": false,
    "announce_to_chat": false,
    "hidden": false
  },
  "criteria": {
    "sharper_flint_0": {
      "trigger": "minecraft:inventory_changed",
      "conditions": {
        "items": [
          {
            "items": [
              "minecraft:flint"
            ],
            "count": {
              "min": 1,
              "max": 64
            }
          }
        ]
      }
    }
  },
  "rewards": {
    "experience": 0,
    "recipes": [
      "survival_reborn:flint_tool_recipe"
    ]
  },
  "parent": "survival_reborn:survival_reborn"
}