{
  "display": {
    "background": "minecraft:textures/block/stone.png",
    "icon": {
      "id": "survival_reborn:flint_tool"
    },
    "title": {
      "translate": "advancements.survival_reborn.title"
    },
    "description": {
      "translate": "advancements.survival_reborn.descr"
    },
    "frame": "task",
    "show_toast": false,
    "announce_to_chat": false,
    "hidden": false
  },
  "criteria": {
    "survival_reborn_0": {
      "trigger": "minecraft:changed_dimension",
      "conditions": {
        "to": "minecraft:overworld"
      }
    }
  }
}