{
  "parent": "block/cube",
  "textures": {
    "down": "survival_reborn:block/minecraft:smooth_stone",
    "up": "survival_reborn:block/forge_top_open",
    "north": "survival_reborn:block/minecraft:blast_furnace_side",
    "east": "survival_reborn:block/minecraft:blast_furnace_side",
    "south": "survival_reborn:block/minecraft:blast_furnace_side",
    "west": "survival_reborn:block/minecraft:blast_furnace_side",
    "particle": "survival_reborn:block/minecraft:smooth_stone"
  },
  "render_type": "solid"
}