{
  "parent": "block/cube",
  "textures": {
    "down": "survival_reborn:block/metal_refining_table_bottom",
    "up": "survival_reborn:block/metal_refining_table_top",
    "north": "survival_reborn:block/metal_refining_table_side",
    "east": "survival_reborn:block/metal_refining_table_side",
    "south": "survival_reborn:block/metal_refining_table_side",
    "west": "survival_reborn:block/metal_refining_table_side",
    "particle": "survival_reborn:block/metal_refining_table_bottom"
  },
  "render_type": "solid"
}