{
	"credit": "Made with Blockbench",
	"textures": {
		"1": "Survival Reborn:items/stone_saw",
		"particle": "Survival Reborn:items/stone_saw"
	},
	"elements": [
		{
			"name": "stone_saw_0",
			"from": [5, 5, 7.5],
			"to": [6, 15, 8.5],
			"rotation": {"angle": 0, "axis": "y", "origin": [0, 0, 7.5]},
			"faces": {
				"north": {"uv": [6, 1, 5, 11], "texture": "#1"},
				"east": {"uv": [5, 1, 6, 11], "texture": "#1"},
				"south": {"uv": [5, 1, 6, 11], "texture": "#1"},
				"west": {"uv": [5, 1, 6, 11], "texture": "#1"},
				"up": {"uv": [5, 1, 6, 2], "texture": "#1"},
				"down": {"uv": [5, 10, 6, 11], "texture": "#1"}
			}
		},
		{
			"name": "stone_saw_1",
			"from": [4, 6, 7.5],
			"to": [5, 14, 8.5],
			"rotation": {"angle": 0, "axis": "y", "origin": [0, 0, 7.5]},
			"faces": {
				"north": {"uv": [5, 2, 4, 10], "texture": "#1"},
				"east": {"uv": [4, 2, 5, 10], "texture": "#1"},
				"south": {"uv": [4, 2, 5, 10], "texture": "#1"},
				"west": {"uv": [4, 2, 5, 10], "texture": "#1"},
				"up": {"uv": [4, 2, 5, 3], "texture": "#1"},
				"down": {"uv": [4, 9, 5, 10], "texture": "#1"}
			}
		},
		{
			"name": "stone_saw_2",
			"from": [6, 4, 7.5],
			"to": [7, 14, 8.5],
			"rotation": {"angle": 0, "axis": "y", "origin": [0, 0, 7.5]},
			"faces": {
				"north": {"uv": [7, 2, 6, 12], "texture": "#1"},
				"east": {"uv": [6, 2, 7, 12], "texture": "#1"},
				"south": {"uv": [6, 2, 7, 12], "texture": "#1"},
				"west": {"uv": [6, 2, 7, 12], "texture": "#1"},
				"up": {"uv": [6, 2, 7, 3], "texture": "#1"},
				"down": {"uv": [6, 11, 7, 12], "texture": "#1"}
			}
		},
		{
			"name": "stone_saw_3",
			"from": [7, 3, 7.5],
			"to": [8, 13, 8.5],
			"rotation": {"angle": 0, "axis": "y", "origin": [0, 0, 7.5]},
			"faces": {
				"north": {"uv": [8, 3, 7, 13], "texture": "#1"},
				"east": {"uv": [7, 3, 8, 13], "texture": "#1"},
				"south": {"uv": [7, 3, 8, 13], "texture": "#1"},
				"west": {"uv": [7, 3, 8, 13], "texture": "#1"},
				"up": {"uv": [7, 3, 8, 4], "texture": "#1"},
				"down": {"uv": [7, 12, 8, 13], "texture": "#1"}
			}
		},
		{
			"name": "stone_saw_4",
			"from": [3, 7, 7.5],
			"to": [4, 12, 8.5],
			"rotation": {"angle": 0, "axis": "y", "origin": [0, 0, 7.5]},
			"faces": {
				"north": {"uv": [4, 4, 3, 9], "texture": "#1"},
				"east": {"uv": [3, 4, 4, 9], "texture": "#1"},
				"south": {"uv": [3, 4, 4, 9], "texture": "#1"},
				"west": {"uv": [3, 4, 4, 9], "texture": "#1"},
				"up": {"uv": [3, 4, 4, 5], "texture": "#1"},
				"down": {"uv": [3, 8, 4, 9], "texture": "#1"}
			}
		},
		{
			"name": "stone_saw_5",
			"from": [8, 4, 7.5],
			"to": [9, 12, 8.5],
			"rotation": {"angle": 0, "axis": "y", "origin": [0, 0, 7.5]},
			"faces": {
				"north": {"uv": [9, 4, 8, 12], "texture": "#1"},
				"east": {"uv": [8, 4, 9, 12], "texture": "#1"},
				"south": {"uv": [8, 4, 9, 12], "texture": "#1"},
				"west": {"uv": [8, 4, 9, 12], "texture": "#1"},
				"up": {"uv": [8, 4, 9, 5], "texture": "#1"},
				"down": {"uv": [8, 11, 9, 12], "texture": "#1"}
			}
		},
		{
			"name": "stone_saw_6",
			"from": [2, 8, 7.5],
			"to": [3, 11, 8.5],
			"rotation": {"angle": 0, "axis": "y", "origin": [0, 0, 7.5]},
			"faces": {
				"north": {"uv": [3, 5, 2, 8], "texture": "#1"},
				"east": {"uv": [2, 5, 3, 8], "texture": "#1"},
				"south": {"uv": [2, 5, 3, 8], "texture": "#1"},
				"west": {"uv": [2, 5, 3, 8], "texture": "#1"},
				"up": {"uv": [2, 5, 3, 6], "texture": "#1"},
				"down": {"uv": [2, 7, 3, 8], "texture": "#1"}
			}
		},
		{
			"name": "stone_saw_7",
			"from": [9, 5, 7.5],
			"to": [10, 11, 8.5],
			"rotation": {"angle": 0, "axis": "y", "origin": [0, 0, 7.5]},
			"faces": {
				"north": {"uv": [10, 5, 9, 11], "texture": "#1"},
				"east": {"uv": [9, 5, 10, 11], "texture": "#1"},
				"south": {"uv": [9, 5, 10, 11], "texture": "#1"},
				"west": {"uv": [9, 5, 10, 11], "texture": "#1"},
				"up": {"uv": [9, 5, 10, 6], "texture": "#1"},
				"down": {"uv": [9, 10, 10, 11], "texture": "#1"}
			}
		},
		{
			"name": "stone_saw_8",
			"from": [1, 9, 7.5],
			"to": [2, 10, 8.5],
			"rotation": {"angle": 0, "axis": "y", "origin": [0, 0, 7.5]},
			"faces": {
				"north": {"uv": [2, 6, 1, 7], "texture": "#1"},
				"east": {"uv": [1, 6, 2, 7], "texture": "#1"},
				"south": {"uv": [1, 6, 2, 7], "texture": "#1"},
				"west": {"uv": [1, 6, 2, 7], "texture": "#1"},
				"up": {"uv": [1, 6, 2, 7], "texture": "#1"},
				"down": {"uv": [1, 6, 2, 7], "texture": "#1"}
			}
		},
		{
			"name": "stone_saw_9",
			"from": [10, 6, 7.5],
			"to": [11, 10, 8.5],
			"rotation": {"angle": 0, "axis": "y", "origin": [0, 0, 7.5]},
			"faces": {
				"north": {"uv": [11, 6, 10, 10], "texture": "#1"},
				"east": {"uv": [10, 6, 11, 10], "texture": "#1"},
				"south": {"uv": [10, 6, 11, 10], "texture": "#1"},
				"west": {"uv": [10, 6, 11, 10], "texture": "#1"},
				"up": {"uv": [10, 6, 11, 7], "texture": "#1"},
				"down": {"uv": [10, 9, 11, 10], "texture": "#1"}
			}
		},
		{
			"name": "stone_saw_10",
			"from": [11, 6, 7.5],
			"to": [12, 9, 8.5],
			"rotation": {"angle": 0, "axis": "y", "origin": [0, 0, 7.5]},
			"faces": {
				"north": {"uv": [12, 7, 11, 10], "texture": "#1"},
				"east": {"uv": [11, 7, 12, 10], "texture": "#1"},
				"south": {"uv": [11, 7, 12, 10], "texture": "#1"},
				"west": {"uv": [11, 7, 12, 10], "texture": "#1"},
				"up": {"uv": [11, 7, 12, 8], "texture": "#1"},
				"down": {"uv": [11, 9, 12, 10], "texture": "#1"}
			}
		},
		{
			"name": "stone_saw_11",
			"from": [12, 3, 7.5],
			"to": [13, 8, 8.5],
			"rotation": {"angle": 0, "axis": "y", "origin": [0, 0, 7.5]},
			"faces": {
				"north": {"uv": [13, 8, 12, 13], "texture": "#1"},
				"east": {"uv": [12, 8, 13, 13], "texture": "#1"},
				"south": {"uv": [12, 8, 13, 13], "texture": "#1"},
				"west": {"uv": [12, 8, 13, 13], "texture": "#1"},
				"up": {"uv": [12, 8, 13, 9], "texture": "#1"},
				"down": {"uv": [12, 12, 13, 13], "texture": "#1"}
			}
		},
		{
			"name": "stone_saw_12",
			"from": [13, 4, 7.5],
			"to": [14, 7, 8.5],
			"rotation": {"angle": 0, "axis": "y", "origin": [0, 0, 7.5]},
			"faces": {
				"north": {"uv": [14, 9, 13, 12], "texture": "#1"},
				"east": {"uv": [13, 9, 14, 12], "texture": "#1"},
				"south": {"uv": [13, 9, 14, 12], "texture": "#1"},
				"west": {"uv": [13, 9, 14, 12], "texture": "#1"},
				"up": {"uv": [13, 9, 14, 10], "texture": "#1"},
				"down": {"uv": [13, 11, 14, 12], "texture": "#1"}
			}
		},
		{
			"name": "stone_saw_13",
			"from": [14, 5, 7.5],
			"to": [15, 6, 8.5],
			"rotation": {"angle": 0, "axis": "y", "origin": [0, 0, 7.5]},
			"faces": {
				"north": {"uv": [15, 10, 14, 11], "texture": "#1"},
				"east": {"uv": [14, 10, 15, 11], "texture": "#1"},
				"south": {"uv": [14, 10, 15, 11], "texture": "#1"},
				"west": {"uv": [14, 10, 15, 11], "texture": "#1"},
				"up": {"uv": [14, 10, 15, 11], "texture": "#1"},
				"down": {"uv": [14, 10, 15, 11], "texture": "#1"}
			}
		},
		{
			"name": "stone_saw_14",
			"from": [11, 2, 7.5],
			"to": [12, 5, 8.5],
			"rotation": {"angle": 0, "axis": "y", "origin": [0, 0, 7.5]},
			"faces": {
				"north": {"uv": [12, 11, 11, 14], "texture": "#1"},
				"east": {"uv": [11, 11, 12, 14], "texture": "#1"},
				"south": {"uv": [11, 11, 12, 14], "texture": "#1"},
				"west": {"uv": [11, 11, 12, 14], "texture": "#1"},
				"up": {"uv": [11, 11, 12, 12], "texture": "#1"},
				"down": {"uv": [11, 13, 12, 14], "texture": "#1"}
			}
		},
		{
			"name": "stone_saw_15",
			"from": [10, 1, 7.5],
			"to": [11, 4, 8.5],
			"rotation": {"angle": 0, "axis": "y", "origin": [0, 0, 7.5]},
			"faces": {
				"north": {"uv": [11, 12, 10, 15], "texture": "#1"},
				"east": {"uv": [10, 12, 11, 15], "texture": "#1"},
				"south": {"uv": [10, 12, 11, 15], "texture": "#1"},
				"west": {"uv": [10, 12, 11, 15], "texture": "#1"},
				"up": {"uv": [10, 12, 11, 13], "texture": "#1"},
				"down": {"uv": [10, 14, 11, 15], "texture": "#1"}
			}
		},
		{
			"name": "stone_saw_16",
			"from": [9, 2, 7.5],
			"to": [10, 3, 8.5],
			"rotation": {"angle": 0, "axis": "y", "origin": [0, 0, 7.5]},
			"faces": {
				"north": {"uv": [10, 13, 9, 14], "texture": "#1"},
				"east": {"uv": [9, 13, 10, 14], "texture": "#1"},
				"south": {"uv": [9, 13, 10, 14], "texture": "#1"},
				"west": {"uv": [9, 13, 10, 14], "texture": "#1"},
				"up": {"uv": [9, 13, 10, 14], "texture": "#1"},
				"down": {"uv": [9, 13, 10, 14], "texture": "#1"}
			}
		}
	],
	"display": {
		"thirdperson_righthand": {
			"rotation": [-90, -95, -45],
			"translation": [0.5, -1, -4]
		},
		"thirdperson_lefthand": {
			"rotation": [-90, 95, 45],
			"translation": [-0.5, -1, -4]
		},
		"firstperson_righthand": {
			"rotation": [0, -90, 22],
			"translation": [2.5, 2.5, 0]
		},
		"firstperson_lefthand": {
			"rotation": [0, 90, -22],
			"translation": [2.5, 2.5, 0]
		}
	},
	"groups": [
		{
			"name": "stone_saw",
			"origin": [8, 8, 8],
			"color": 0,
			"children": [0, 1, 2, 3, 4, 5, 6, 7, 8, 9, 10, 11, 12, 13, 14, 15, 16]
		}
	]
}