{
  "credit": "Made with Blockbench",
  "elements": [
    {
      "from": [
        6,
        0,
        5
      ],
      "to": [
        10,
        2,
        11
      ],
      "rotation": {
        "angle": 0,
        "axis": "y",
        "origin": [
          6,
          0,
          9
        ]
      },
      "faces": {
        "north": {
          "uv": [
            10,
            11,
            14,
            13
          ],
          "texture": "#0"
        },
        "east": {
          "uv": [
            0,
            5,
            6,
            7
          ],
          "texture": "#0"
        },
        "south": {
          "uv": [
            6,
            11,
            10,
            13
          ],
          "texture": "#0"
        },
        "west": {
          "uv": [
            0,
            7,
            6,
            9
          ],
          "texture": "#0"
        },
        "up": {
          "uv": [
            6,
            5,
            10,
            11
          ],
          "texture": "#0"
        },
        "down": {
          "uv": [
            10,
            5,
            14,
            11
          ],
          "texture": "#0"
        }
      }
    }
  ]
}