{
  "_fv": 69,
  "_type": "achievement",
  "definition": {
    "achievementName": "Copper Age",
    "achievementDescription": "Acquire Copper with a Flint Tool",
    "achievementIcon": {
      "value": "CUSTOM:CopperNugget"
    },
    "background": "Default",
    "disableDisplay": false,
    "showPopup": false,
    "announceToChat": false,
    "hideIfNotCompleted": false,
    "rewardLoot": [],
    "rewardRecipes": [
      "CopperChiselRecipe"
    ],
    "rewardFunction": "No function",
    "rewardXP": 0,
    "achievementType": "task",
    "parent": {
      "value": "CUSTOM:PrimitiveTools"
    },
    "triggerxml": "<xml xmlns=\"https://developers.google.com/blockly/xml\"><block type=\"advancement_trigger\" deletable=\"false\" x=\"40\" y=\"80\"><next><block type=\"item_in_inventory\"><value name=\"amount_l\"><block type=\"math_number\"><field name=\"NUM\">1</field></block></value><value name=\"amount_h\"><block type=\"math_number\"><field name=\"NUM\">64</field></block></value><value name=\"item\"><block type=\"mcitem_all\"><field name=\"value\">CUSTOM:CopperNugget</field></block></value></block></next></block></xml>"
  }
}