{
  "_fv": 69,
  "_type": "tool",
  "definition": {
    "toolType": "Special",
    "renderType": 0,
    "blockingRenderType": 0,
    "texture": "copper_chisel",
    "customModelName": "Normal",
    "blockingModelName": "Normal blocking",
    "name": "Copper Chisel",
    "specialInformation": {
      "fixedValue": []
    },
    "creativeTabs": [
      {
        "value": "CUSTOM:CreativeTab"
      }
    ],
    "efficiency": 2.5,
    "attackSpeed": 2.0,
    "enchantability": 2,
    "damageVsEntity": 2.5,
    "usageCount": 100,
    "glowCondition": {
      "fixedValue": false
    },
    "repairItems": [],
    "immuneToFire": false,
    "blockDropsTier": "WOOD",
    "blocksAffected": [],
    "stayInGridWhenCrafting": false,
    "damageOnCrafting": false
  }
}