{
  "_fv": 69,
  "_type": "feature",
  "definition": {
    "skipPlacement": false,
    "generationStep": "VEGETAL_DECORATION",
    "restrictionBiomes": [],
    "generateCondition": {
      "name": "FlintGenAdditionalGenerationCondition"
    },
    "featurexml": "<xml xmlns=\"https://developers.google.com/blockly/xml\"><block type=\"feature_container\" deletable=\"false\" x=\"40\" y=\"40\"><value name=\"feature\"><block type=\"feature_random_patch_simple\" inline=\"false\"><field name=\"tries\">96</field><field name=\"xzSpread\">14</field><field name=\"ySpread\">6</field><comment pinned=\"false\" h=\"126\" w=\"273\">This block represents a block patch feature. The blocks will only generate in valid positions (for example, grass will never generate on a stone block).Patches of plants should be generated during the VEGETAL_DECORATION stage.</comment><value name=\"block\"><block type=\"blockstate_selector\"><mutation xmlns=\"http://www.w3.org/1999/xhtml\" inputs=\"0\"></mutation><field name=\"block\">CUSTOM:Flintblock</field><comment pinned=\"false\" h=\"80\" w=\"160\">This is the block being placed</comment></block></value><value name=\"condition\"><block type=\"block_predicate_all_of\"><mutation xmlns=\"http://www.w3.org/1999/xhtml\" inputs=\"2\"></mutation><value name=\"condition0\"><block type=\"block_predicate_matching_blocks\"><field name=\"x\">0</field><field name=\"y\">-1</field><field name=\"z\">0</field><value name=\"blockSet\"><block type=\"block_holderset_list\"><mutation xmlns=\"http://www.w3.org/1999/xhtml\" inputs=\"1\"></mutation><field name=\"block0\">Blocks.GRASS</field></block></value></block></value><value name=\"condition1\"><block type=\"block_predicate_is_air\"></block></value></block></value></block></value><next><block type=\"placement_rarity\"><field name=\"rarity\">6</field><comment pinned=\"false\" h=\"80\" w=\"160\">This is so the patch only generates in some of the chunks</comment><next><block type=\"placement_in_square\"><comment pinned=\"false\" h=\"83\" w=\"182\">We then move each patch horizontally. This way they don't generate only in the corner of the chunk</comment><next><block type=\"placement_heightmap\"><field name=\"heightmap\">MOTION_BLOCKING</field><comment pinned=\"false\" h=\"92\" w=\"165\">We then move the patches at the highest motion blocking block, so that they generate on the surface</comment><next><block type=\"placement_biome_filter\"><comment pinned=\"false\" h=\"80\" w=\"160\">We add a biome filter, so that the patches don't generate outside of the current biome</comment></block></next></block></next></block></next></block></next></block></xml>"
  }
}