{
  "_fv": 69,
  "_type": "gui",
  "definition": {
    "type": 1,
    "width": 176,
    "height": 166,
    "inventoryOffsetX": 0,
    "inventoryOffsetY": 0,
    "renderBgLayer": true,
    "doesPauseGame": false,
    "components": [
      {
        "type": "label",
        "data": {
          "name": "label_forge",
          "text": {
            "fixedValue": "Forge"
          },
          "color": {
            "value": -12829636,
            "falpha": 0.0
          },
          "x": 201,
          "y": 43
        }
      },
      {
        "type": "inputslot",
        "data": {
          "inputLimit": {
            "value": ""
          },
          "disablePlacement": {
            "fixedValue": false
          },
          "id": 0,
          "disablePickup": {
            "fixedValue": false
          },
          "dropItemsWhenNotBound": true,
          "x": 196,
          "y": 72
        }
      },
      {
        "type": "inputslot",
        "data": {
          "inputLimit": {
            "value": ""
          },
          "disablePlacement": {
            "fixedValue": false
          },
          "id": 1,
          "disablePickup": {
            "fixedValue": false
          },
          "dropItemsWhenNotBound": true,
          "x": 214,
          "y": 72
        }
      },
      {
        "type": "inputslot",
        "data": {
          "inputLimit": {
            "value": "TAG:minecaft:fuels"
          },
          "disablePlacement": {
            "fixedValue": false
          },
          "id": 2,
          "disablePickup": {
            "fixedValue": false
          },
          "dropItemsWhenNotBound": true,
          "x": 151,
          "y": 98
        }
      },
      {
        "type": "outputslot",
        "data": {
          "id": 3,
          "disablePickup": {
            "fixedValue": false
          },
          "dropItemsWhenNotBound": true,
          "x": 259,
          "y": 72
        }
      },
      {
        "type": "image",
        "data": {
          "image": "fuel_meter_0.png",
          "use1Xscale": false,
          "x": 138,
          "y": 87
        }
      },
      {
        "type": "image",
        "data": {
          "image": "fuel_meter_1.png",
          "use1Xscale": false,
          "x": 138,
          "y": 87
        }
      },
      {
        "type": "image",
        "data": {
          "image": "fuel_meter_2.png",
          "use1Xscale": false,
          "x": 138,
          "y": 87
        }
      },
      {
        "type": "image",
        "data": {
          "image": "fuel_meter_3.png",
          "use1Xscale": false,
          "x": 138,
          "y": 87
        }
      },
      {
        "type": "image",
        "data": {
          "image": "fuel_meter_4.png",
          "use1Xscale": false,
          "x": 138,
          "y": 87
        }
      },
      {
        "type": "image",
        "data": {
          "image": "fuel_meter_5.png",
          "use1Xscale": false,
          "x": 138,
          "y": 87
        }
      },
      {
        "type": "image",
        "data": {
          "image": "fuel_meter_6.png",
          "use1Xscale": false,
          "x": 138,
          "y": 87
        }
      },
      {
        "type": "image",
        "data": {
          "image": "fuel_meter_7.png",
          "use1Xscale": false,
          "x": 138,
          "y": 87
        }
      },
      {
        "type": "image",
        "data": {
          "image": "fuel_meter_8.png",
          "use1Xscale": false,
          "x": 138,
          "y": 87
        }
      },
      {
        "type": "image",
        "data": {
          "image": "fuel_meter_9.png",
          "use1Xscale": false,
          "x": 138,
          "y": 87
        }
      },
      {
        "type": "image",
        "data": {
          "image": "fuel_meter_10.png",
          "use1Xscale": false,
          "x": 138,
          "y": 87
        }
      },
      {
        "type": "image",
        "data": {
          "image": "fuel_meter_11.png",
          "use1Xscale": false,
          "x": 138,
          "y": 87
        }
      },
      {
        "type": "image",
        "data": {
          "image": "fuel_meter_12.png",
          "use1Xscale": false,
          "x": 138,
          "y": 87
        }
      },
      {
        "type": "image",
        "data": {
          "image": "fuel_meter_13.png",
          "use1Xscale": false,
          "x": 138,
          "y": 87
        }
      },
      {
        "type": "image",
        "data": {
          "image": "fuel_meter_14.png",
          "use1Xscale": false,
          "x": 138,
          "y": 87
        }
      }
    ],
    "gridSettings": {
      "sx": 18,
      "sy": 18,
      "ox": 6,
      "oy": 21,
      "snapOnGrid": false
    }
  }
}