{
  "_fv": 69,
  "_type": "blockstates",
  "definition": {
    "block": "Forge",
    "blockstateList": [
      {
        "texture": "minecraft:smooth_stone",
        "textureTop": "forge_top_open",
        "textureLeft": "minecraft:blast_furnace_side",
        "textureFront": "minecraft:blast_furnace_side",
        "textureRight": "minecraft:blast_furnace_side",
        "textureBack": "minecraft:blast_furnace_side",
        "particleTexture": "",
        "renderType": 0,
        "customModelName": "Normal",
        "luminance": 0,
        "boundingBoxes": [
          {
            "mx": 0.0,
            "my": 0.0,
            "mz": 0.0,
            "Mx": 16.0,
            "My": 16.0,
            "Mz": 16.0,
            "subtract": false
          }
        ]
      }
    ]
  }
}