{
  "_fv": 69,
  "_type": "gui",
  "definition": {
    "type": 1,
    "width": 176,
    "height": 166,
    "inventoryOffsetX": 0,
    "inventoryOffsetY": 0,
    "renderBgLayer": true,
    "doesPauseGame": false,
    "components": [
      {
        "type": "image",
        "data": {
          "image": "hammer.png",
          "use1Xscale": false,
          "x": 130,
          "y": 41
        }
      },
      {
        "type": "label",
        "data": {
          "name": "label_metal_refining_table",
          "text": {
            "fixedValue": "Metal Refining Table"
          },
          "color": {
            "value": -12829636,
            "falpha": 0.0
          },
          "x": 163,
          "y": 40
        }
      },
      {
        "type": "inputslot",
        "data": {
          "inputLimit": {
            "value": ""
          },
          "disablePlacement": {
            "fixedValue": false
          },
          "id": 0,
          "disablePickup": {
            "fixedValue": false
          },
          "dropItemsWhenNotBound": true,
          "onSlotChanged": {
            "name": "IronRecipe"
          },
          "x": 169,
          "y": 74
        }
      },
      {
        "type": "inputslot",
        "data": {
          "inputLimit": {
            "value": "CUSTOM:StoneHammer"
          },
          "disablePlacement": {
            "fixedValue": false
          },
          "id": 1,
          "disablePickup": {
            "fixedValue": false
          },
          "dropItemsWhenNotBound": true,
          "onSlotChanged": {
            "name": "IronRecipe"
          },
          "x": 205,
          "y": 74
        }
      },
      {
        "type": "outputslot",
        "data": {
          "id": 2,
          "disablePickup": {
            "fixedValue": false
          },
          "dropItemsWhenNotBound": true,
          "onTakenFromSlot": {
            "name": "IronTaken"
          },
          "x": 241,
          "y": 74
        }
      },
      {
        "type": "image",
        "data": {
          "image": "plus.png",
          "use1Xscale": false,
          "x": 188,
          "y": 75
        }
      },
      {
        "type": "image",
        "data": {
          "image": "arrow.png",
          "use1Xscale": false,
          "x": 224,
          "y": 74
        }
      },
      {
        "type": "image",
        "data": {
          "image": "hammer_outline.png",
          "use1Xscale": false,
          "x": 206,
          "y": 75
        }
      }
    ],
    "onTick": {
      "name": "MetalRefiningTableGUIWhileThisGUIIsOpenTick"
    },
    "gridSettings": {
      "sx": 18,
      "sy": 18,
      "ox": 11,
      "oy": 15,
      "snapOnGrid": false
    }
  }
}