{
  "_fv": 69,
  "_type": "recipe",
  "definition": {
    "recipeType": "Crafting",
    "recipeRetstackSize": 1,
    "group": "",
    "cookingBookCategory": "MISC",
    "xpReward": 0.0,
    "cookingTime": 200,
    "craftingBookCategory": "MISC",
    "recipeShapeless": false,
    "recipeSlots": [
      {
        "value": "CUSTOM:CopperNugget"
      },
      {
        "value": "CUSTOM:CopperNugget"
      },
      {
        "value": "CUSTOM:CopperNugget"
      },
      {
        "value": "CUSTOM:CopperNugget"
      },
      {
        "value": "TAG:mod:single_planks"
      },
      {
        "value": "CUSTOM:CopperNugget"
      },
      {
        "value": "CUSTOM:CopperNugget"
      },
      {
        "value": "TAG:mod:single_planks"
      },
      {
        "value": "CUSTOM:CopperNugget"
      }
    ],
    "recipeReturnStack": {
      "value": "CUSTOM:MetalRefiningTable"
    },
    "name": "mrt_recipe",
    "namespace": "mod"
  }
}