{
  "_fv": 69,
  "_type": "achievement",
  "definition": {
    "achievementName": "Primitive Ingredients",
    "achievementDescription": "Acquire a rock, a stick and some plant fiber",
    "achievementIcon": {
      "value": "CUSTOM:PlantFiber"
    },
    "background": "Default",
    "disableDisplay": false,
    "showPopup": false,
    "announceToChat": false,
    "hideIfNotCompleted": false,
    "rewardLoot": [],
    "rewardRecipes": [
      "StonePickaxe",
      "StoneAxe",
      "StoneSword",
      "StoneShovel",
      "StoneHoe",
      "FurnaceRecipe"
    ],
    "rewardFunction": "No function",
    "rewardXP": 0,
    "achievementType": "task",
    "parent": {
      "value": "CUSTOM:SharperFlint"
    },
    "triggerxml": "<xml xmlns=\"https://developers.google.com/blockly/xml\"><block type=\"advancement_trigger\" deletable=\"false\" x=\"40\" y=\"80\"><next><block type=\"item_in_inventory\"><value name=\"amount_l\"><block type=\"math_number\"><field name=\"NUM\">1</field></block></value><value name=\"amount_h\"><block type=\"math_number\"><field name=\"NUM\">64</field></block></value><value name=\"item\"><block type=\"mcitem_all\"><field name=\"value\">CUSTOM:PlantFiber</field></block></value><next><block type=\"item_in_inventory\"><value name=\"amount_l\"><block type=\"math_number\"><field name=\"NUM\">1</field></block></value><value name=\"amount_h\"><block type=\"math_number\"><field name=\"NUM\">64</field></block></value><value name=\"item\"><block type=\"mcitem_all\"><field name=\"value\">CUSTOM:StoneRock</field></block></value><next><block type=\"item_in_inventory\"><value name=\"amount_l\"><block type=\"math_number\"><field name=\"NUM\">1</field></block></value><value name=\"amount_h\"><block type=\"math_number\"><field name=\"NUM\">64</field></block></value><value name=\"item\"><block type=\"mcitem_all\"><field name=\"value\">Items.STICK</field></block></value></block></next></block></next></block></next></block></xml>"
  }
}