{
  "_fv": 69,
  "_type": "tool",
  "definition": {
    "toolType": "Special",
    "renderType": 0,
    "blockingRenderType": 0,
    "texture": "stone_hammer",
    "customModelName": "Normal",
    "blockingModelName": "Normal blocking",
    "name": "Stone Hammer",
    "specialInformation": {
      "fixedValue": []
    },
    "creativeTabs": [
      {
        "value": "CUSTOM:CreativeTab"
      }
    ],
    "efficiency": 4.0,
    "attackSpeed": 0.8,
    "enchantability": 5,
    "damageVsEntity": 6.0,
    "usageCount": 131,
    "glowCondition": {
      "fixedValue": false
    },
    "repairItems": [],
    "immuneToFire": false,
    "blockDropsTier": "STONE",
    "blocksAffected": [],
    "stayInGridWhenCrafting": true,
    "damageOnCrafting": true
  }
}