{
  "_fv": 69,
  "_type": "achievement",
  "definition": {
    "achievementName": "Survival Reborn",
    "achievementDescription": "Follow this tree for mod progression.",
    "achievementIcon": {
      "value": "CUSTOM:FlintTool"
    },
    "background": "Default",
    "disableDisplay": false,
    "showPopup": false,
    "announceToChat": false,
    "hideIfNotCompleted": false,
    "rewardLoot": [],
    "rewardRecipes": [],
    "rewardFunction": "No function",
    "rewardXP": 0,
    "achievementType": "task",
    "parent": {
      "value": "No parent: root"
    },
    "triggerxml": "<xml xmlns=\"https://developers.google.com/blockly/xml\"><block type=\"advancement_trigger\" deletable=\"false\" x=\"40\" y=\"80\"><next><block type=\"dimension_entered\"><field name=\"dimension\">Surface</field></block></next></block></xml>"
  }
}